<?xml version="1.0" encoding="UTF-8"?>
<GenRun Id="impl_1" LaunchPart="xc7a35tcpg236-1" LaunchTime="1717573564">
  <File Type="ROUTE-PWR" Name="RollingAverage_power_routed.rpt"/>
  <File Type="PA-TCL" Name="RollingAverage.tcl"/>
  <File Type="ROUTE-PWR-SUM" Name="RollingAverage_power_summary_routed.pb"/>
  <File Type="REPORTS-TCL" Name="RollingAverage_reports.tcl"/>
  <File Type="OPT-RQA-PB" Name="RollingAverage_rqa_opted.pb"/>
  <File Type="BITSTR-MMI" Name="RollingAverage.mmi"/>
  <File Type="OPT-METHODOLOGY-DRC" Name="RollingAverage_methodology_drc_opted.rpt"/>
  <File Type="INIT-TIMING" Name="RollingAverage_timing_summary_init.rpt"/>
  <File Type="OPT-TIMING" Name="RollingAverage_timing_summary_opted.rpt"/>
  <File Type="OPT-DCP" Name="RollingAverage_opt.dcp"/>
  <File Type="OPT-DRC" Name="RollingAverage_drc_opted.rpt"/>
  <File Type="OPT-HWDEF" Name="RollingAverage.hwdef"/>
  <File Type="PWROPT-DCP" Name="RollingAverage_pwropt.dcp"/>
  <File Type="PWROPT-DRC" Name="RollingAverage_drc_pwropted.rpt"/>
  <File Type="PWROPT-TIMING" Name="RollingAverage_timing_summary_pwropted.rpt"/>
  <File Type="PLACE-DCP" Name="RollingAverage_placed.dcp"/>
  <File Type="PLACE-IO" Name="RollingAverage_io_placed.rpt"/>
  <File Type="PLACE-CLK" Name="RollingAverage_clock_utilization_placed.rpt"/>
  <File Type="PLACE-UTIL" Name="RollingAverage_utilization_placed.rpt"/>
  <File Type="PLACE-UTIL-PB" Name="RollingAverage_utilization_placed.pb"/>
  <File Type="PLACE-CTRL" Name="RollingAverage_control_sets_placed.rpt"/>
  <File Type="PLACE-SIMILARITY" Name="RollingAverage_incremental_reuse_placed.rpt"/>
  <File Type="PLACE-PRE-SIMILARITY" Name="RollingAverage_incremental_reuse_pre_placed.rpt"/>
  <File Type="BG-BIN" Name="RollingAverage.bin"/>
  <File Type="PLACE-TIMING" Name="RollingAverage_timing_summary_placed.rpt"/>
  <File Type="ROUTE-PWR-RPX" Name="RollingAverage_power_routed.rpx"/>
  <File Type="PLACE-RQA-PB" Name="RollingAverage_rqa_placed.pb"/>
  <File Type="POSTPLACE-PWROPT-DCP" Name="RollingAverage_postplace_pwropt.dcp"/>
  <File Type="BITSTR-MSK" Name="RollingAverage.msk"/>
  <File Type="POSTPLACE-PWROPT-TIMING" Name="RollingAverage_timing_summary_postplace_pwropted.rpt"/>
  <File Type="PHYSOPT-DCP" Name="RollingAverage_physopt.dcp"/>
  <File Type="PHYSOPT-DRC" Name="RollingAverage_drc_physopted.rpt"/>
  <File Type="BITSTR-RBT" Name="RollingAverage.rbt"/>
  <File Type="PHYSOPT-TIMING" Name="RollingAverage_timing_summary_physopted.rpt"/>
  <File Type="ROUTE-ERROR-DCP" Name="RollingAverage_routed_error.dcp"/>
  <File Type="ROUTE-DCP" Name="RollingAverage_routed.dcp"/>
  <File Type="ROUTE-BLACKBOX-DCP" Name="RollingAverage_routed_bb.dcp"/>
  <File Type="ROUTE-DRC" Name="RollingAverage_drc_routed.rpt"/>
  <File Type="ROUTE-DRC-PB" Name="RollingAverage_drc_routed.pb"/>
  <File Type="ROUTE-DRC-RPX" Name="RollingAverage_drc_routed.rpx"/>
  <File Type="ROUTE-METHODOLOGY-DRC" Name="RollingAverage_methodology_drc_routed.rpt"/>
  <File Type="ROUTE-METHODOLOGY-DRC-RPX" Name="RollingAverage_methodology_drc_routed.rpx"/>
  <File Type="ROUTE-METHODOLOGY-DRC-PB" Name="RollingAverage_methodology_drc_routed.pb"/>
  <File Type="ROUTE-RQS-PB" Name="RollingAverage_rqs_routed.pb"/>
  <File Type="ROUTE-STATUS" Name="RollingAverage_route_status.rpt"/>
  <File Type="ROUTE-STATUS-PB" Name="RollingAverage_route_status.pb"/>
  <File Type="ROUTE-TIMINGSUMMARY" Name="RollingAverage_timing_summary_routed.rpt"/>
  <File Type="ROUTE-TIMING-PB" Name="RollingAverage_timing_summary_routed.pb"/>
  <File Type="ROUTE-TIMING-RPX" Name="RollingAverage_timing_summary_routed.rpx"/>
  <File Type="ROUTE-SIMILARITY" Name="RollingAverage_incremental_reuse_routed.rpt"/>
  <File Type="ROUTE-CLK" Name="RollingAverage_clock_utilization_routed.rpt"/>
  <File Type="ROUTE-BUS-SKEW" Name="RollingAverage_bus_skew_routed.rpt"/>
  <File Type="ROUTE-BUS-SKEW-PB" Name="RollingAverage_bus_skew_routed.pb"/>
  <File Type="ROUTE-BUS-SKEW-RPX" Name="RollingAverage_bus_skew_routed.rpx"/>
  <File Type="POSTROUTE-PHYSOPT-DCP" Name="RollingAverage_postroute_physopt.dcp"/>
  <File Type="POSTROUTE-PHYSOPT-BLACKBOX-DCP" Name="RollingAverage_postroute_physopt_bb.dcp"/>
  <File Type="POSTROUTE-PHYSOPT-TIMING" Name="RollingAverage_timing_summary_postroute_physopted.rpt"/>
  <File Type="POSTROUTE-PHYSOPT-TIMING-PB" Name="RollingAverage_timing_summary_postroute_physopted.pb"/>
  <File Type="POSTROUTE-PHYSOPT-TIMING-RPX" Name="RollingAverage_timing_summary_postroute_physopted.rpx"/>
  <File Type="POSTROUTE-PHYSOPT-BUS-SKEW" Name="RollingAverage_bus_skew_postroute_physopted.rpt"/>
  <File Type="BG-BIT" Name="RollingAverage.bit"/>
  <File Type="POSTROUTE-PHYSOPT-BUS-SKEW-PB" Name="RollingAverage_bus_skew_postroute_physopted.pb"/>
  <File Type="POSTROUTE-PHYSOPT-BUS-SKEW-RPX" Name="RollingAverage_bus_skew_postroute_physopted.rpx"/>
  <File Type="BITSTR-NKY" Name="RollingAverage.nky"/>
  <File Type="BITSTR-BMM" Name="RollingAverage_bd.bmm"/>
  <File Type="PDI-FILE" Name="RollingAverage.pdi"/>
  <File Type="BOOT-PDI-FILE" Name="RollingAverage_boot.pdi"/>
  <File Type="PL-PDI-FILE" Name="RollingAverage_pld.pdi"/>
  <File Type="RCFI_FILE" Name="RollingAverage.rcfi"/>
  <File Type="CFI_FILE" Name="RollingAverage.cfi"/>
  <File Type="RNPI_FILE" Name="RollingAverage.rnpi"/>
  <File Type="NPI_FILE" Name="RollingAverage.npi"/>
  <File Type="RBD_FILE" Name="RollingAverage.rbd"/>
  <File Type="BITSTR-LTX" Name="debug_nets.ltx"/>
  <File Type="BITSTR-LTX" Name="RollingAverage.ltx"/>
  <File Type="BITSTR-SYSDEF" Name="RollingAverage.sysdef"/>
  <File Type="BG-BGN" Name="RollingAverage.bgn"/>
  <File Type="BG-DRC" Name="RollingAverage.drc"/>
  <File Type="RDI-RDI" Name="RollingAverage.vdi"/>
  <File Type="WBT-USG" Name="usage_statistics_webtalk.html"/>
  <File Type="ROUTE-RQS" Name="RollingAverage_routed.rqs"/>
  <File Type="POSTROUTE-PHYSOPT-RQS" Name="RollingAverage_postroute_physopted.rqs"/>
  <File Type="ROUTE-RQS-RPT" Name="route_report_qor_suggestions_0.rpt"/>
  <File Type="POSTROUTE-PHYSOPT-RQS-RPT" Name="postroute_physopt_report_qor_suggestions_0.rpt"/>
  <FileSet Name="sources" Type="DesignSrcs" RelSrcDir="$PSRCDIR/sources_1" RelGenDir="$PGENDIR/sources_1">
    <Filter Type="Srcs"/>
    <File Path="$PSRCDIR/sources_1/new/Adder.vhd">
      <FileInfo>
        <Attr Name="UsedIn" Val="synthesis"/>
        <Attr Name="UsedIn" Val="simulation"/>
      </FileInfo>
    </File>
    <File Path="$PSRCDIR/sources_1/new/Clock_Divider.vhd">
      <FileInfo>
        <Attr Name="UsedIn" Val="synthesis"/>
        <Attr Name="UsedIn" Val="simulation"/>
      </FileInfo>
    </File>
    <File Path="$PSRCDIR/sources_1/new/Compute_average.vhd">
      <FileInfo>
        <Attr Name="UsedIn" Val="synthesis"/>
        <Attr Name="UsedIn" Val="simulation"/>
      </FileInfo>
    </File>
    <File Path="$PSRCDIR/sources_1/new/Counter_15_to_0.vhd">
      <FileInfo>
        <Attr Name="UsedIn" Val="synthesis"/>
        <Attr Name="UsedIn" Val="simulation"/>
      </FileInfo>
    </File>
    <File Path="$PSRCDIR/sources_1/new/Counter_1_to_0.vhd">
      <FileInfo>
        <Attr Name="UsedIn" Val="synthesis"/>
        <Attr Name="UsedIn" Val="simulation"/>
      </FileInfo>
    </File>
    <File Path="$PSRCDIR/sources_1/new/Counter_3_to_0.vhd">
      <FileInfo>
        <Attr Name="UsedIn" Val="synthesis"/>
        <Attr Name="UsedIn" Val="simulation"/>
      </FileInfo>
    </File>
    <File Path="$PSRCDIR/sources_1/new/Counter_7_to_0.vhd">
      <FileInfo>
        <Attr Name="UsedIn" Val="synthesis"/>
        <Attr Name="UsedIn" Val="simulation"/>
      </FileInfo>
    </File>
    <File Path="$PSRCDIR/sources_1/new/D_FF.vhd">
      <FileInfo>
        <Attr Name="UsedIn" Val="synthesis"/>
        <Attr Name="UsedIn" Val="simulation"/>
      </FileInfo>
    </File>
    <File Path="$PSRCDIR/sources_1/new/Freq_Divider_ssd.vhd">
      <FileInfo>
        <Attr Name="UsedIn" Val="synthesis"/>
        <Attr Name="UsedIn" Val="simulation"/>
      </FileInfo>
    </File>
    <File Path="$PSRCDIR/sources_1/new/MUX_8_to_1.vhd">
      <FileInfo>
        <Attr Name="UsedIn" Val="synthesis"/>
        <Attr Name="UsedIn" Val="simulation"/>
      </FileInfo>
    </File>
    <File Path="$PSRCDIR/sources_1/new/MUX_8_to_1_c.vhd">
      <FileInfo>
        <Attr Name="UsedIn" Val="synthesis"/>
        <Attr Name="UsedIn" Val="simulation"/>
      </FileInfo>
    </File>
    <File Path="$PSRCDIR/sources_1/new/MUX_8_to_1_counter.vhd">
      <FileInfo>
        <Attr Name="UsedIn" Val="synthesis"/>
        <Attr Name="UsedIn" Val="simulation"/>
      </FileInfo>
    </File>
    <File Path="$PSRCDIR/sources_1/new/MUX_8_to_1_with_Generator.vhd">
      <FileInfo>
        <Attr Name="UsedIn" Val="synthesis"/>
        <Attr Name="UsedIn" Val="simulation"/>
      </FileInfo>
    </File>
    <File Path="$PSRCDIR/sources_1/new/Random_number_generator_0_to_15.vhd">
      <FileInfo>
        <Attr Name="UsedIn" Val="synthesis"/>
        <Attr Name="UsedIn" Val="simulation"/>
      </FileInfo>
    </File>
    <File Path="$PSRCDIR/sources_1/new/Random_number_generator_0_to_255.vhd">
      <FileInfo>
        <Attr Name="UsedIn" Val="synthesis"/>
        <Attr Name="UsedIn" Val="simulation"/>
      </FileInfo>
    </File>
    <File Path="$PSRCDIR/sources_1/new/Register1.vhd">
      <FileInfo>
        <Attr Name="UsedIn" Val="synthesis"/>
        <Attr Name="UsedIn" Val="simulation"/>
      </FileInfo>
    </File>
    <File Path="$PSRCDIR/sources_1/new/ShiftRightRegister.vhd">
      <FileInfo>
        <Attr Name="UsedIn" Val="synthesis"/>
        <Attr Name="UsedIn" Val="simulation"/>
      </FileInfo>
    </File>
    <File Path="$PSRCDIR/sources_1/new/Student1_6_digit_sequence.vhd">
      <FileInfo>
        <Attr Name="UsedIn" Val="synthesis"/>
        <Attr Name="UsedIn" Val="simulation"/>
      </FileInfo>
    </File>
    <File Path="$PSRCDIR/sources_1/new/Student2_6_digit_sequence.vhd">
      <FileInfo>
        <Attr Name="UsedIn" Val="synthesis"/>
        <Attr Name="UsedIn" Val="simulation"/>
      </FileInfo>
    </File>
    <File Path="$PSRCDIR/sources_1/new/decoder.vhd">
      <FileInfo>
        <Attr Name="UsedIn" Val="synthesis"/>
        <Attr Name="UsedIn" Val="simulation"/>
      </FileInfo>
    </File>
    <File Path="$PSRCDIR/sources_1/new/mux_anod.vhd">
      <FileInfo>
        <Attr Name="UsedIn" Val="synthesis"/>
        <Attr Name="UsedIn" Val="simulation"/>
      </FileInfo>
    </File>
    <File Path="$PSRCDIR/sources_1/new/mux_catod.vhd">
      <FileInfo>
        <Attr Name="UsedIn" Val="synthesis"/>
        <Attr Name="UsedIn" Val="simulation"/>
      </FileInfo>
    </File>
    <File Path="$PSRCDIR/sources_1/new/RollingAverage.vhd">
      <FileInfo>
        <Attr Name="UsedIn" Val="synthesis"/>
        <Attr Name="UsedIn" Val="simulation"/>
      </FileInfo>
    </File>
    <Config>
      <Option Name="DesignMode" Val="RTL"/>
      <Option Name="TopModule" Val="RollingAverage"/>
      <Option Name="TopAutoSet" Val="TRUE"/>
    </Config>
  </FileSet>
  <FileSet Name="constrs_in" Type="Constrs" RelSrcDir="$PSRCDIR/constrs_1" RelGenDir="$PGENDIR/constrs_1">
    <Filter Type="Constrs"/>
    <File Path="$PSRCDIR/constrs_1/new/Constraints.xdc">
      <FileInfo>
        <Attr Name="UsedIn" Val="synthesis"/>
        <Attr Name="UsedIn" Val="implementation"/>
      </FileInfo>
    </File>
    <Config>
      <Option Name="ConstrsType" Val="XDC"/>
    </Config>
  </FileSet>
  <FileSet Name="utils" Type="Utils" RelSrcDir="$PSRCDIR/utils_1" RelGenDir="$PGENDIR/utils_1">
    <Filter Type="Utils"/>
    <File Path="$PSRCDIR/utils_1/imports/synth_1/MUX_8_to_1_with_Generator.dcp">
      <FileInfo>
        <Attr Name="UsedIn" Val="synthesis"/>
        <Attr Name="UsedIn" Val="implementation"/>
        <Attr Name="UsedInSteps" Val="synth_1"/>
        <Attr Name="AutoDcp" Val="1"/>
      </FileInfo>
    </File>
    <Config>
      <Option Name="TopAutoSet" Val="TRUE"/>
    </Config>
  </FileSet>
  <Strategy Version="1" Minor="2">
    <StratHandle Name="Vivado Implementation Defaults" Flow="Vivado Implementation 2023"/>
    <Step Id="init_design"/>
    <Step Id="opt_design"/>
    <Step Id="power_opt_design"/>
    <Step Id="place_design"/>
    <Step Id="post_place_power_opt_design"/>
    <Step Id="phys_opt_design"/>
    <Step Id="route_design"/>
    <Step Id="post_route_phys_opt_design"/>
    <Step Id="write_bitstream"/>
  </Strategy>
</GenRun>
